Title,Description,Ngành
Giám đốc điều hành,"Xác định và xây dựng các chính sách cũng như đưa ra định hướng chung cho các công ty hoặc tổ chức khu vực công và tư nhân theo hướng dẫn do ban giám đốc hoặc cơ quan quản lý tương tự thiết lập. Lập kế hoạch, chỉ đạo hoặc điều phối các hoạt động vận hành ở cấp quản lý cao nhất với sự giúp đỡ của các giám đốc điều hành cấp dưới và quản lý nhân viên.",Chủ doanh nghiệp
Người quản lý quảng cáo và khuyến mãi,"Lập kế hoạch, chỉ đạo hoặc điều phối các chính sách và chương trình quảng cáo hoặc sản xuất tài liệu bổ sung, chẳng hạn như áp phích, cuộc thi, phiếu giảm giá hoặc quà tặng, để tạo thêm sự quan tâm đến việc mua sản phẩm hoặc dịch vụ cho một bộ phận, toàn bộ tổ chức hoặc trên cơ sở tài khoản.","Chủ doanh nghiệp, Nghiên cứu mạng xã hội"
Giám đốc tiếp thị,"Lập kế hoạch, chỉ đạo hoặc điều phối các chính sách và chương trình tiếp thị, chẳng hạn như xác định nhu cầu về sản phẩm và dịch vụ do công ty và đối thủ cạnh tranh cung cấp, đồng thời xác định khách hàng tiềm năng. Phát triển chiến lược định giá với mục tiêu tối đa hóa lợi nhuận hoặc thị phần của công ty trong khi vẫn đảm bảo khách hàng của công ty hài lòng. Giám sát việc phát triển sản phẩm hoặc theo dõi các xu hướng cho thấy nhu cầu về sản phẩm và dịch vụ mới.","Chủ doanh nghiệp, Nghiên cứu mạng xã hội"
Quản lý quan hệ công chúng,"Lập kế hoạch, chỉ đạo hoặc điều phối các hoạt động được thiết kế để tạo hoặc duy trì hình ảnh có lợi trước công chúng hoặc nâng cao nhận thức về vấn đề cho tổ chức hoặc khách hàng của họ.","Nghiên cứu mạng xã hội, Nhà văn"
Người quản lý dịch vụ hành chính,"Lập kế hoạch, chỉ đạo hoặc điều phối một hoặc nhiều dịch vụ hành chính của một tổ chức, chẳng hạn như quản lý hồ sơ và thông tin, phân phối thư và các dịch vụ hỗ trợ văn phòng khác.","Chủ doanh nghiệp, Viên chức nhà nước"
Quản lý cơ sở vật chất,"Lập kế hoạch, chỉ đạo hoặc điều phối các hoạt động và chức năng của cơ sở vật chất và tòa nhà. Có thể bao gồm các khu đất xung quanh hoặc nhiều cơ sở trong khuôn viên của tổ chức.","Chủ doanh nghiệp, Kỹ sư xây dựng"
Người quản lý hệ thống thông tin và máy tính,"Lập kế hoạch, chỉ đạo hoặc điều phối các hoạt động trong các lĩnh vực như xử lý dữ liệu điện tử, hệ thống thông tin, phân tích hệ thống và lập trình máy tính.","Kỹ sư phần mềm, Chủ doanh nghiệp"
Người quản lý tài chính,"Lập kế hoạch, chỉ đạo hoặc điều phối các hoạt động kế toán, đầu tư, ngân hàng, bảo hiểm, chứng khoán và các hoạt động tài chính khác của chi nhánh, văn phòng hoặc bộ phận của cơ sở.","Nhân viên ngân hàng, Kế toán, Chủ doanh nghiệp"
Quản lý chuỗi cung ứng,"Chỉ đạo hoặc điều phối các dịch vụ hoặc hoạt động sản xuất, mua hàng, lưu kho, phân phối hoặc dự báo tài chính để hạn chế chi phí và cải thiện độ chính xác, dịch vụ khách hàng hoặc sự an toàn. Kiểm tra các thủ tục hoặc cơ hội hiện có để hợp lý hóa các hoạt động nhằm đáp ứng nhu cầu phân phối sản phẩm. Chỉ đạo việc di chuyển, lưu trữ hoặc xử lý hàng tồn kho.",Chủ doanh nghiệp
Quản lý nhân sự,"Lập kế hoạch, chỉ đạo hoặc điều phối các hoạt động nhân sự và nhân viên của một tổ chức.","Chủ doanh nghiệp, Viên chức nhà nước"
Quản lý xây dựng,"Lập kế hoạch, chỉ đạo hoặc điều phối, thường thông qua nhân viên giám sát cấp dưới, các hoạt động liên quan đến việc xây dựng và bảo trì các công trình, cơ sở vật chất và hệ thống. Tham gia vào quá trình phát triển ý tưởng của một dự án xây dựng và giám sát việc tổ chức, lập kế hoạch, lập ngân sách và thực hiện dự án đó. Bao gồm những người quản lý trong các lĩnh vực xây dựng chuyên ngành, chẳng hạn như nghề mộc hoặc hệ thống ống nước.","Kỹ sư xây dựng, Chủ doanh nghiệp"
Cán bộ quản lý giáo dục từ mẫu giáo đến trung học,"Lập kế hoạch, chỉ đạo hoặc điều phối các hoạt động học thuật, hành chính hoặc phụ trợ của trường mẫu giáo, tiểu học hoặc trung học.","Giáo viên, Viên chức nhà nước"
Quản lý kiến trúc và kỹ thuật,"Lập kế hoạch, chỉ đạo hoặc điều phối các hoạt động trong các lĩnh vực như kiến trúc và kỹ thuật hoặc nghiên cứu và phát triển trong các lĩnh vực này.","Kỹ sư xây dựng, Chủ doanh nghiệp"
Quản lý khách sạn,"Lập kế hoạch, chỉ đạo hoặc điều phối các hoạt động của một tổ chức hoặc bộ phận cung cấp chỗ ở và các tiện nghi khác.",Chủ doanh nghiệp
Người quản lý bưu điện và giám đốc thư,"Lập kế hoạch, chỉ đạo hoặc điều phối các dịch vụ vận hành, hành chính, quản lý và hỗ trợ của bưu điện Hoa Kỳ; hoặc điều phối hoạt động của người lao động làm công việc bưu chính và các công việc liên quan tại bưu cục được phân công.",Viên chức nhà nước
Điều tra viên,"Các hoạt động trực tiếp như khám nghiệm tử thi, phân tích bệnh lý và độc tính cũng như điều tra liên quan đến việc điều tra các trường hợp tử vong xảy ra trong phạm vi quyền hạn pháp lý để xác định nguyên nhân cái chết hoặc xác định trách nhiệm đối với những cái chết do tai nạn, bạo lực hoặc không giải thích được.","Luật sư, Viên chức nhà nước"
Người ước tính chi phí,"Lập dự toán chi phí sản xuất sản phẩm, dự án xây dựng hoặc dịch vụ để hỗ trợ quản lý trong việc đấu thầu hoặc xác định giá sản phẩm hoặc dịch vụ. Có thể chuyên môn hóa theo dịch vụ cụ thể được thực hiện hoặc loại sản phẩm được sản xuất.","Kế toán, Kỹ sư xây dựng"
Kỹ sư Logistic,"Thiết kế hoặc phân tích các giải pháp vận hành cho các dự án như tối ưu hóa vận tải, mô hình hóa mạng, phân tích quy trình và phương pháp, hạn chế chi phí, nâng cao năng lực, tối ưu hóa lộ trình và vận chuyển hoặc quản lý thông tin.","Chủ doanh nghiệp, Kỹ sư xây dựng"
Tìm kiếm nhà chiến lược tiếp thị,"Sử dụng các chiến thuật tiếp thị tìm kiếm để tăng khả năng hiển thị và mức độ tương tác với nội dung, sản phẩm hoặc dịch vụ trong các thiết bị hoặc giao diện hỗ trợ Internet. Kiểm tra hành vi truy vấn tìm kiếm trên các công cụ tìm kiếm chung hoặc chuyên biệt hoặc nội dung dựa trên Internet khác. Phân tích nghiên cứu, dữ liệu hoặc công nghệ để hiểu ý định của người dùng và đo lường kết quả để tối ưu hóa liên tục.","Nghiên cứu mạng xã hội, Chủ doanh nghiệp"
Kế toán viên và kiểm toán viên,"Kiểm tra, phân tích và giải thích hồ sơ kế toán để lập báo cáo tài chính, đưa ra lời khuyên hoặc kiểm toán và đánh giá báo cáo do người khác chuẩn bị. Cài đặt hoặc tư vấn về hệ thống ghi chép chi phí hoặc dữ liệu tài chính ngân sách khác.",Kế toán
Thẩm định viên tài sản cá nhân và doanh nghiệp,"Thẩm định và ước tính giá trị hợp lý của tài sản cá nhân hoặc tài sản kinh doanh hữu hình, chẳng hạn như đồ trang sức, tác phẩm nghệ thuật, đồ cổ, đồ sưu tầm và thiết bị. Cũng có thể thẩm định đất đai.","Nhà đầu tư chứng khoán, Nhà phát triển bất động sản"
Thẩm định viên và định giá bất động sản,Thẩm định giá bất động sản một cách độc quyền và ước tính giá trị hợp lý của nó. Có thể ấn định thuế theo đúng lịch trình quy định.,Nhà phát triển bất động sản
Nhà phân tích ngân sách,"Kiểm tra dự toán ngân sách về tính đầy đủ, chính xác và phù hợp với các thủ tục và quy định. Phân tích báo cáo kế toán và ngân sách.","Kế toán, Viên chức nhà nước"
Nhà phân tích tín dụng,Phân tích dữ liệu tín dụng và báo cáo tài chính của cá nhân hoặc công ty để xác định mức độ rủi ro liên quan đến việc cấp tín dụng hoặc cho vay tiền. Chuẩn bị báo cáo với thông tin tín dụng để sử dụng trong việc ra quyết định.,"Nhân viên ngân hàng, Nhà đầu tư chứng khoán"
Nhà phân tích tài chính và đầu tư,"Tiến hành phân tích định lượng thông tin liên quan đến các chương trình đầu tư hoặc dữ liệu tài chính của các tổ chức công hoặc tư nhân, bao gồm cả việc định giá doanh nghiệp.","Nhân viên ngân hàng, Nhà đầu tư chứng khoán"
Nhà phân tích bảo mật thông tin,"Lập kế hoạch, thực hiện, nâng cấp hoặc giám sát các biện pháp bảo mật để bảo vệ mạng máy tính và thông tin. Đánh giá các lỗ hổng hệ thống để tìm ra rủi ro bảo mật, đồng thời đề xuất và thực hiện các chiến lược giảm thiểu rủi ro. Có thể đảm bảo áp dụng các biện pháp kiểm soát bảo mật thích hợp để bảo vệ các tệp kỹ thuật số và cơ sở hạ tầng điện tử quan trọng. Có thể ứng phó với các vi phạm an ninh máy tính và virus.",Kỹ sư phần mềm
Các nhà khoa học nghiên cứu máy tính và thông tin,"Tiến hành nghiên cứu về máy tính và khoa học thông tin cơ bản với tư cách là nhà lý thuyết, nhà thiết kế hoặc nhà phát minh. Phát triển các giải pháp cho các vấn đề trong lĩnh vực phần cứng và phần mềm máy tính.","Kỹ sư phần mềm, Nhà khoa học"
Kiến trúc sư mạng máy tính,"Thiết kế và triển khai các mạng máy tính và thông tin, chẳng hạn như mạng cục bộ (LAN), mạng diện rộng (WAN), mạng nội bộ, mạng ngoại vi và các mạng truyền thông dữ liệu khác. Thực hiện mô hình hóa, phân tích và lập kế hoạch mạng, bao gồm phân tích nhu cầu năng lực cho cơ sở hạ tầng mạng. Cũng có thể thiết kế các biện pháp bảo mật mạng và máy tính. Có thể nghiên cứu và đề xuất phần cứng và phần mềm truyền thông dữ liệu và mạng.",Kỹ sư phần mềm
Quản trị viên cơ sở dữ liệu,"Quản trị, kiểm tra và triển khai cơ sở dữ liệu máy tính, áp dụng kiến thức về hệ thống quản lý cơ sở dữ liệu. Phối hợp các thay đổi đối với cơ sở dữ liệu máy tính. Xác định, điều tra và giải quyết các vấn đề về hiệu suất cơ sở dữ liệu, dung lượng cơ sở dữ liệu và khả năng mở rộng cơ sở dữ liệu. Có thể lập kế hoạch, điều phối và thực hiện các biện pháp bảo mật để bảo vệ cơ sở dữ liệu máy tính.",Kỹ sư phần mềm
Kiến trúc sư cơ sở dữ liệu,"Chiến lược thiết kế cho cơ sở dữ liệu doanh nghiệp, hệ thống kho dữ liệu và mạng đa chiều. Đặt tiêu chuẩn cho hoạt động cơ sở dữ liệu, lập trình, quy trình truy vấn và bảo mật. Mô hình hóa, thiết kế và xây dựng cơ sở dữ liệu quan hệ hoặc kho dữ liệu lớn. Tạo và tối ưu hóa các mô hình dữ liệu cho cơ sở hạ tầng kho và quy trình làm việc. Tích hợp các hệ thống mới với cấu trúc kho hiện có và tinh chỉnh hiệu suất cũng như chức năng của hệ thống.",Kỹ sư phần mềm
Quản trị viên hệ thống mạng và máy tính,"Cài đặt, định cấu hình và duy trì mạng cục bộ (LAN), mạng diện rộng (WAN), mạng truyền dữ liệu, hệ điều hành cũng như máy chủ vật lý và ảo của tổ chức. Thực hiện giám sát hệ thống và xác minh tính toàn vẹn và tính sẵn có của tài nguyên và hệ thống phần cứng, mạng và máy chủ. Xem lại nhật ký hệ thống và ứng dụng cũng như xác minh việc hoàn thành các công việc đã lên lịch, bao gồm cả sao lưu hệ thống. Phân tích mức tiêu thụ tài nguyên mạng và máy chủ và kiểm soát quyền truy cập của người dùng. Cài đặt và nâng cấp phần mềm và duy trì giấy phép phần mềm. Có thể hỗ trợ mô hình hóa, phân tích, lập kế hoạch và phối hợp giữa phần cứng và phần mềm truyền thông dữ liệu và mạng.",Kỹ sư phần mềm
Lập trình viên máy tính,"Tạo, sửa đổi và kiểm tra mã và tập lệnh cho phép các ứng dụng máy tính chạy. Làm việc dựa trên các thông số kỹ thuật do các nhà phát triển phần mềm và web hoặc các cá nhân khác soạn thảo. Có thể phát triển và viết các chương trình máy tính để lưu trữ, định vị và truy xuất các tài liệu, dữ liệu và thông tin cụ thể.",Kỹ sư phần mềm
Nhà phát triển phần mềm,"Nghiên cứu, thiết kế và phát triển các phần mềm máy tính, mạng hoặc các chương trình tiện ích chuyên dụng. Phân tích nhu cầu của người dùng và phát triển các giải pháp phần mềm, áp dụng các nguyên tắc và kỹ thuật của khoa học máy tính, kỹ thuật và phân tích toán học. Cập nhật phần mềm hoặc nâng cao khả năng của phần mềm hiện có. Có thể làm việc với các kỹ sư phần cứng máy tính để tích hợp hệ thống phần cứng và phần mềm, đồng thời phát triển các thông số kỹ thuật và yêu cầu về hiệu suất. Có thể duy trì cơ sở dữ liệu trong khu vực ứng dụng, làm việc riêng lẻ hoặc điều phối việc phát triển cơ sở dữ liệu như một phần của nhóm.",Kỹ sư phần mềm
Nhà phân tích và người kiểm tra đảm bảo chất lượng phần mềm,"Phát triển và thực hiện các thử nghiệm phần mềm để xác định các sự cố phần mềm và nguyên nhân của chúng. Kiểm tra các sửa đổi hệ thống để chuẩn bị triển khai. Ghi lại các lỗi phần mềm và ứng dụng bằng hệ thống theo dõi lỗi và báo cáo lỗi cho nhà phát triển phần mềm hoặc web. Tạo và duy trì cơ sở dữ liệu về các lỗi đã biết. Có thể tham gia đánh giá thiết kế phần mềm để cung cấp đầu vào về các yêu cầu chức năng, đặc điểm vận hành, thiết kế sản phẩm và lịch trình.",Kỹ sư phần mềm
Nhà phát triển web,"Phát triển và triển khai các trang web, ứng dụng web, cơ sở dữ liệu ứng dụng và giao diện web tương tác. Đánh giá mã để đảm bảo mã có cấu trúc phù hợp, đáp ứng các tiêu chuẩn ngành và tương thích với trình duyệt và thiết bị. Tối ưu hóa hiệu suất trang web, khả năng mở rộng cũng như mã và quy trình phía máy chủ. Có thể phát triển cơ sở hạ tầng trang web và tích hợp trang web với các ứng dụng máy tính khác.",Kỹ sư phần mềm
Nhà thiết kế giao diện web và kỹ thuật số,"Thiết kế giao diện người dùng hoặc trang web kỹ thuật số. Phát triển và thử nghiệm bố cục, giao diện, chức năng và menu điều hướng để đảm bảo tính tương thích và khả năng sử dụng trên các trình duyệt hoặc thiết bị. Có thể sử dụng các ứng dụng khung web cũng như mã và quy trình phía máy khách. Có thể đánh giá thiết kế web theo các tiêu chuẩn web và khả năng truy cập, đồng thời có thể phân tích các số liệu sử dụng web và tối ưu hóa trang web để tiếp thị và xếp hạng công cụ tìm kiếm. Có thể thiết kế và thử nghiệm các giao diện tạo điều kiện thuận lợi cho sự tương tác giữa con người và máy tính và tối đa hóa khả năng sử dụng của các thiết bị kỹ thuật số, trang web và phần mềm, tập trung vào tính thẩm mỹ và thiết kế. Có thể tạo đồ họa được sử dụng trong các trang web và quản lý nội dung và liên kết trang web.","Nhà thiết kế, Kỹ sư phần mềm"
Nhà thiết kế trò chơi điện tử,"Thiết kế các tính năng cốt lõi của trò chơi điện tử. Chỉ định cơ chế trò chơi và nhập vai sáng tạo, mạch truyện và tiểu sử nhân vật. Tạo và lưu trữ tài liệu thiết kế. Hướng dẫn và cộng tác với nhân viên sản xuất để sản xuất game theo đúng thiết kế.","Nhà phát triển game, Nhà thiết kế"
Quản trị viên web,"Quản lý các hoạt động thiết kế, triển khai, phát triển và bảo trì môi trường web. Thực hiện kiểm tra và đảm bảo chất lượng của các trang web và ứng dụng web.",Kỹ sư phần mềm
Máy kiểm tra thâm nhập,Đánh giá an ninh hệ thống mạng bằng cách tiến hành các cuộc tấn công mạng mô phỏng bên trong và bên ngoài bằng các công cụ và kỹ thuật của đối thủ. Cố gắng vi phạm và khai thác các hệ thống quan trọng cũng như giành quyền truy cập vào thông tin nhạy cảm để đánh giá tính bảo mật của hệ thống.,Kỹ sư phần mềm
Kỹ sư bảo mật thông tin,"Phát triển và giám sát việc thực hiện các thủ tục và chính sách bảo mật thông tin. Xây dựng, duy trì và nâng cấp công nghệ bảo mật, chẳng hạn như tường lửa, để sử dụng an toàn mạng máy tính cũng như truyền tải và truy xuất thông tin. Thiết kế và triển khai các biện pháp kiểm soát bảo mật thích hợp để xác định các lỗ hổng và bảo vệ các tệp kỹ thuật số cũng như cơ sở hạ tầng điện tử. Giám sát và ứng phó với các vi phạm an ninh máy tính, vi rút và xâm nhập, đồng thời thực hiện điều tra pháp y. Có thể giám sát việc đánh giá hệ thống an ninh thông tin.",Kỹ sư phần mềm
Kỹ sư block chain,"Duy trì và hỗ trợ các mạng dựa trên blockchain phân tán và phi tập trung hoặc các ứng dụng chuỗi khối như trao đổi tiền điện tử, xử lý thanh toán, chia sẻ tài liệu và bỏ phiếu kỹ thuật số. Thiết kế và triển khai các mẫu và giải pháp thiết kế chuỗi khối an toàn trên các mạng phân tán theo địa lý bằng cách sử dụng các công nghệ tiên tiến. Có thể hỗ trợ thiết lập và kiểm tra cơ sở hạ tầng về tính minh bạch và bảo mật của ứng dụng.",Kỹ sư phần mềm
Kỹ sư/Kiến trúc sư hệ thống máy tính,"Thiết kế và phát triển các giải pháp cho các vấn đề ứng dụng phức tạp, vấn đề quản trị hệ thống hoặc các vấn đề về mạng. Thực hiện các chức năng quản lý và tích hợp hệ thống.",Kỹ sư phần mềm
Người quản lý dự án công nghệ thông tin,"Lập kế hoạch, khởi xướng và quản lý các dự án công nghệ thông tin (CNTT). Lãnh đạo, hướng dẫn công việc của nhân viên kỹ thuật. Đóng vai trò là người liên lạc giữa các khía cạnh kinh doanh và kỹ thuật của dự án. Lập kế hoạch các giai đoạn của dự án và đánh giá ý nghĩa kinh doanh cho từng giai đoạn. Giám sát tiến độ để đảm bảo đáp ứng thời hạn, tiêu chuẩn và mục tiêu chi phí.","Kỹ sư phần mềm, Chủ doanh nghiệp"
Các nhà toán học,"Tiến hành nghiên cứu về toán học cơ bản hoặc ứng dụng các kỹ thuật toán học vào khoa học, quản lý và các lĩnh vực khác. Giải quyết các vấn đề trong các lĩnh vực khác nhau bằng phương pháp toán học.",Nhà khoa học
Nhà phân tích nghiên cứu hoạt động,"Xây dựng và áp dụng mô hình toán học cũng như các phương pháp tối ưu hóa khác để phát triển và giải thích thông tin hỗ trợ quản lý trong việc ra quyết định, xây dựng chính sách hoặc các chức năng quản lý khác. Có thể thu thập và phân tích dữ liệu cũng như phát triển phần mềm, dịch vụ hoặc sản phẩm hỗ trợ quyết định. Có thể phát triển và cung cấp mạng lưới thời gian, chi phí hoặc hậu cần tối ưu để đánh giá, đánh giá hoặc thực hiện chương trình.","Nhà khoa học, Chủ doanh nghiệp"
Nhà thống kê,"Phát triển hoặc áp dụng lý thuyết và phương pháp toán học hoặc thống kê để thu thập, sắp xếp, giải thích và tóm tắt dữ liệu số nhằm cung cấp thông tin có thể sử dụng được. Có thể chuyên về các lĩnh vực như thống kê sinh học, thống kê nông nghiệp, thống kê kinh doanh hoặc thống kê kinh tế. Bao gồm các nhà thống kê toán học và khảo sát.",Nhà khoa học
Nhà khoa học dữ liệu,"Phát triển và triển khai một bộ kỹ thuật hoặc ứng dụng phân tích để chuyển đổi dữ liệu thô thành thông tin có ý nghĩa bằng cách sử dụng ngôn ngữ lập trình hướng dữ liệu và phần mềm trực quan hóa. Áp dụng khai thác dữ liệu, mô hình hóa dữ liệu, xử lý ngôn ngữ tự nhiên và học máy để trích xuất và phân tích thông tin từ các bộ dữ liệu có cấu trúc và phi cấu trúc lớn. Trực quan hóa, giải thích và báo cáo kết quả dữ liệu. Có thể tạo báo cáo dữ liệu động.","Kỹ sư phần mềm, Nhà khoa học"
Kiến trúc sư,"Lập kế hoạch và thiết kế các công trình, chẳng hạn như nhà ở tư nhân, tòa nhà văn phòng, nhà hát, nhà máy và các tài sản kết cấu khác.","Kỹ sư xây dựng, Nhà thiết kế"
Kiến trúc sư cảnh quan,"Quy hoạch và thiết kế diện tích đất cho các dự án như công viên và các cơ sở giải trí khác, sân bay, đường cao tốc, bệnh viện, trường học, phân khu đất và các khu thương mại, công nghiệp và dân cư.","Kỹ sư xây dựng, Nhà thiết kế"
Người vẽ bản đồ và nhà đo ảnh,"Nghiên cứu, nghiên cứu và chuẩn bị bản đồ cũng như dữ liệu không gian khác ở dạng đồ họa hoặc kỹ thuật số cho một hoặc nhiều mục đích, chẳng hạn như mục đích pháp lý, xã hội, chính trị, giáo dục và thiết kế. Có thể hoạt động với Hệ thống thông tin địa lý (GIS). Có thể thiết kế và đánh giá các thuật toán, cấu trúc dữ liệu và giao diện người dùng cho hệ thống bản đồ và GIS. Có thể thu thập, phân tích và giải thích thông tin địa lý được cung cấp bởi các cuộc khảo sát trắc địa, ảnh chụp từ trên không và dữ liệu vệ tinh.","Kỹ sư xây dựng, Nhà khoa học"
Giám định viên,"Thực hiện các phép đo chính xác và xác định ranh giới tài sản. Cung cấp dữ liệu liên quan đến hình dạng, đường viền, trọng lực, vị trí, độ cao hoặc kích thước của đất hoặc các đặc điểm đất trên hoặc gần bề mặt trái đất cho mục đích kỹ thuật, lập bản đồ, khai thác, đánh giá đất đai, xây dựng và các mục đích khác.","Kỹ sư xây dựng, Viên chức nhà nước"
Kỹ sư hàng không vũ trụ,"Thực hiện các nhiệm vụ kỹ thuật trong việc thiết kế, chế tạo và thử nghiệm máy bay, tên lửa và tàu vũ trụ. Có thể tiến hành nghiên cứu cơ bản và ứng dụng để đánh giá khả năng thích ứng của vật liệu và thiết bị với thiết kế và sản xuất máy bay. Có thể đề xuất cải tiến thiết bị và kỹ thuật kiểm tra.",Nhà khoa học
Kỹ sư nông nghiệp,"Áp dụng kiến thức về công nghệ kỹ thuật và khoa học sinh học vào các vấn đề nông nghiệp liên quan đến năng lượng và máy móc, điện khí hóa, kết cấu, bảo tồn đất và nước cũng như chế biến các sản phẩm nông nghiệp.",Nhà khoa học
Kỹ sư sinh học và kỹ sư y sinh,"Áp dụng kiến thức về kỹ thuật, sinh học, hóa học, khoa học máy tính và các nguyên tắc cơ sinh học để thiết kế, phát triển và đánh giá các hệ thống và sản phẩm sinh học, nông nghiệp và y tế, chẳng hạn như cơ quan nhân tạo, bộ phận giả, thiết bị đo đạc, hệ thống thông tin y tế và hệ thống cung cấp dịch vụ chăm sóc và quản lý sức khỏe.","Nhà khoa học, Bác sĩ"
Kỹ sư hóa học,"Thiết kế thiết bị của nhà máy hóa chất và đưa ra các quy trình sản xuất hóa chất và sản phẩm như xăng, cao su tổng hợp, nhựa, chất tẩy rửa, xi măng, giấy và bột giấy bằng cách áp dụng các nguyên tắc và công nghệ hóa học, vật lý và kỹ thuật.",Nhà khoa học
kỹ sư xây dựng,"Thực hiện các nhiệm vụ kỹ thuật trong việc lập kế hoạch, thiết kế và giám sát việc xây dựng và bảo trì các công trình và cơ sở vật chất như đường bộ, đường sắt, sân bay, cầu, bến cảng, kênh, đập, dự án thủy lợi, đường ống, nhà máy điện và hệ thống nước và nước thải.",Kỹ sư xây dựng
Kỹ sư cầu đường,"Xây dựng kế hoạch cho các dự án giao thông đường bộ theo các tiêu chuẩn kỹ thuật đã được thiết lập và chính sách xây dựng của tiểu bang hoặc liên bang. Chuẩn bị thiết kế, thông số kỹ thuật hoặc dự toán cho các phương tiện vận tải. Lập kế hoạch sửa đổi các đường phố, đường cao tốc hoặc đường cao tốc hiện có để cải thiện lưu lượng giao thông.",Kỹ sư xây dựng
Kỹ sư nước/nước thải,"Thiết kế hoặc giám sát các dự án liên quan đến cung cấp nước uống, xử lý nước thải hoặc ngăn ngừa thiệt hại do lũ lụt. Chuẩn bị tài liệu môi trường về tài nguyên nước, tuân thủ chương trình quy định, quản lý và phân tích dữ liệu cũng như công việc thực địa. Thực hiện mô hình thủy lực và thiết kế đường ống.",Kỹ sư xây dựng
Kỹ sư phần cứng máy tính,"Nghiên cứu, thiết kế, phát triển hoặc thử nghiệm máy tính hoặc thiết bị liên quan đến máy tính cho mục đích thương mại, công nghiệp, quân sự hoặc khoa học. Có thể giám sát việc sản xuất và lắp đặt máy tính hoặc các thiết bị và linh kiện liên quan đến máy tính.",Kỹ sư phần mềm
Kỹ sư điện,"Nghiên cứu, thiết kế, phát triển, thử nghiệm hoặc giám sát việc sản xuất và lắp đặt các thiết bị điện, linh kiện hoặc hệ thống cho mục đích thương mại, công nghiệp, quân sự hoặc khoa học.",Kỹ sư xây dựng
"Kỹ sư điện tử, ngoại trừ máy tính","Nghiên cứu, thiết kế, phát triển hoặc thử nghiệm các linh kiện và hệ thống điện tử cho mục đích thương mại, công nghiệp, quân sự hoặc khoa học sử dụng kiến thức về lý thuyết điện tử và các đặc tính vật liệu. Thiết kế các mạch và linh kiện điện tử để sử dụng trong các lĩnh vực như viễn thông, hướng dẫn hàng không vũ trụ và điều khiển động cơ, âm học hoặc dụng cụ và điều khiển.",Kỹ sư xây dựng
Kỹ sư môi trường,"Nghiên cứu, thiết kế, lập kế hoạch hoặc thực hiện các nhiệm vụ kỹ thuật trong việc ngăn ngừa, kiểm soát và khắc phục các mối nguy hiểm về môi trường bằng cách sử dụng các ngành kỹ thuật khác nhau. Công việc có thể bao gồm xử lý chất thải, khắc phục hiện trường hoặc công nghệ kiểm soát ô nhiễm.","Kỹ sư xây dựng, Nhà khoa học"
Kỹ sư hàng hải và kiến trúc sư hải quân,"Thiết kế, phát triển và đánh giá hoạt động của tàu biển, máy móc tàu thủy và các thiết bị liên quan, chẳng hạn như hệ thống cung cấp điện và động cơ đẩy.",Kỹ sư xây dựng
Kỹ sư vật liệu,"Đánh giá vật liệu và phát triển máy móc cũng như quy trình để sản xuất vật liệu sử dụng trong các sản phẩm phải đáp ứng các thông số kỹ thuật về thiết kế và hiệu suất chuyên dụng. Phát triển các ứng dụng mới cho các vật liệu đã biết. Bao gồm những kỹ sư làm việc với vật liệu composite hoặc chuyên về một loại vật liệu, chẳng hạn như than chì, kim loại và hợp kim kim loại, gốm sứ và thủy tinh, nhựa và polyme cũng như các vật liệu tự nhiên. Bao gồm các nhà luyện kim và kỹ sư luyện kim, kỹ sư gốm sứ và kỹ sư hàn.",Nhà khoa học
Kỹ sư ô tô,"Phát triển các thiết kế mới hoặc cải tiến cho các bộ phận kết cấu, động cơ, hộp số hoặc hệ thống xe khác bằng cách sử dụng công nghệ thiết kế có sự hỗ trợ của máy tính. Trực tiếp chế tạo, sửa đổi hoặc thử nghiệm xe hoặc các bộ phận.",Nhà khoa học
Kỹ sư khai thác mỏ và địa chất,"Tiến hành khảo sát dưới bề mặt để xác định các đặc điểm của vùng đất tiềm năng hoặc các địa điểm phát triển khai thác mỏ. Có thể chỉ định các hệ thống, quy trình và thiết bị hỗ trợ mặt đất cho các hoạt động khai thác hoặc xây dựng ngầm an toàn, kinh tế và thân thiện với môi trường. Có thể kiểm tra các khu vực có điều kiện địa chất, thiết bị và điều kiện làm việc không an toàn. Có thể thiết kế, thực hiện và điều phối các chương trình an toàn mỏ.",Kỹ sư xây dựng
Kỹ sư năng lượng,"Thiết kế, phát triển hoặc đánh giá các dự án hoặc chương trình liên quan đến năng lượng để giảm chi phí năng lượng hoặc nâng cao hiệu quả sử dụng năng lượng trong các giai đoạn thiết kế, xây dựng hoặc tu sửa công trình. Có thể chuyên về hệ thống điện; hệ thống sưởi ấm, thông gió và điều hòa không khí (HVAC); công trình xanh; chiếu sáng; chất lượng không khí; hoặc mua sắm năng lượng.",Kỹ sư xây dựng
Kỹ sư cơ điện tử,"Nghiên cứu, thiết kế, phát triển hoặc thử nghiệm tự động hóa, hệ thống thông minh, thiết bị thông minh hoặc điều khiển hệ thống công nghiệp.","Kỹ sư phần mềm, Nhà khoa học"
Kỹ sư quang tử,Các công nghệ thiết kế chuyên về thông tin ánh sáng hoặc năng lượng ánh sáng như công nghệ laser hoặc sợi quang.,Nhà khoa học
Kỹ sư Robot,"Nghiên cứu, thiết kế, phát triển hoặc thử nghiệm các ứng dụng robot.","Kỹ sư phần mềm, Nhà khoa học"
Các nhà khoa học về đất và thực vật,"Tiến hành nghiên cứu về nhân giống, sinh lý học, sản xuất, năng suất và quản lý cây trồng và cây nông nghiệp hoặc cây cối, cây bụi và vườn ươm, sự phát triển của chúng trong đất và kiểm soát sâu bệnh; hoặc nghiên cứu thành phần hóa học, vật lý, sinh học và khoáng vật của đất vì chúng liên quan đến sự phát triển của cây trồng hoặc cây trồng. Có thể phân loại và lập bản đồ đất cũng như điều tra tác động của các biện pháp thay thế đối với năng suất đất và cây trồng.",Nhà khoa học
Nhà vi trùng học,"Điều tra sự tăng trưởng, cấu trúc, sự phát triển và các đặc điểm khác của các sinh vật cực nhỏ, chẳng hạn như vi khuẩn, tảo hoặc nấm. Bao gồm các nhà vi trùng học y tế nghiên cứu mối quan hệ giữa sinh vật và bệnh tật hoặc tác dụng của kháng sinh đối với vi sinh vật.","Nhà khoa học, Bác sĩ"
Nhà động vật học và nhà sinh vật học hoang dã,"Nghiên cứu nguồn gốc, hành vi, bệnh tật, di truyền và quá trình sống của động vật và động vật hoang dã. Có thể chuyên về nghiên cứu và quản lý động vật hoang dã. Có thể thu thập và phân tích dữ liệu sinh học để xác định các tác động môi trường của việc sử dụng đất và nước hiện tại và tiềm năng.",Nhà khoa học
Các nhà khoa học y tế,"Tiến hành nghiên cứu liên quan đến sự hiểu biết về bệnh tật của con người và cải thiện sức khỏe con người. Tham gia vào điều tra, nghiên cứu và phát triển lâm sàng hoặc các hoạt động liên quan khác.","Nhà khoa học, Bác sĩ"
Nhà tâm lý học thần kinh,"Áp dụng các lý thuyết và nguyên tắc của tâm lý học thần kinh để đánh giá và chẩn đoán các rối loạn chức năng não cao hơn, thường là trong môi trường nghiên cứu và y tế. Nghiên cứu bộ não con người và ảnh hưởng của các trạng thái sinh lý đến nhận thức và hành vi của con người. Có thể xây dựng và quản lý các chương trình điều trị.","Bác sĩ, Nhà khoa học"
Các nhà xã hội học,"Nghiên cứu xã hội loài người và hành vi xã hội bằng cách kiểm tra các nhóm và tổ chức xã hội mà con người hình thành, cũng như các tổ chức xã hội, tôn giáo, chính trị và kinh doanh khác nhau. Có thể nghiên cứu hành vi và sự tương tác của các nhóm, theo dõi nguồn gốc và sự phát triển của họ, đồng thời phân tích ảnh hưởng của các hoạt động nhóm đối với từng thành viên.","Nhà khoa học, Nghiên cứu mạng xã hội"
Nhà quy hoạch đô thị và khu vực,"Phát triển các kế hoạch và chương trình toàn diện về sử dụng đất đai và cơ sở vật chất của các khu vực pháp lý, chẳng hạn như thị trấn, thành phố, quận và khu vực đô thị.","Kỹ sư xây dựng, Nhà phát triển bất động sản"
Các nhà sử học,"Nghiên cứu, phân tích, ghi lại và giải thích quá khứ được ghi lại trong các nguồn, chẳng hạn như hồ sơ của chính phủ và tổ chức, báo chí và các tạp chí định kỳ khác, ảnh, cuộc phỏng vấn, phim, phương tiện điện tử và các bản thảo chưa xuất bản, chẳng hạn như nhật ký cá nhân và thư từ.","Nhà khoa học, Nhà văn"
Luật sư,"Đại diện cho khách hàng trong các vụ kiện hình sự, dân sự và các thủ tục pháp lý khác, soạn thảo các văn bản pháp luật hoặc quản lý hoặc tư vấn cho khách hàng về các giao dịch pháp lý. Có thể chuyên về một lĩnh vực duy nhất hoặc có thể hành nghề rộng rãi trong nhiều lĩnh vực luật.",Luật sư
"Trọng tài, hòa giải viên và hòa giải viên",Tạo điều kiện thuận lợi cho đàm phán và giải quyết xung đột thông qua đối thoại. Giải quyết xung đột bên ngoài hệ thống tòa án bằng sự đồng thuận của các bên liên quan.,"Luật sư, Viên chức nhà nước"
"Thẩm phán, Thẩm phán sơ thẩm và Thẩm phán","Trọng tài, tư vấn, xét xử hoặc quản lý công lý tại tòa án. Có thể kết án bị cáo trong các vụ án hình sự theo quy định của chính phủ hoặc hướng dẫn tuyên án. Có thể xác định trách nhiệm của bị đơn trong vụ án dân sự. Có thể cử hành lễ cưới.","Luật sư, Viên chức nhà nước"
Giáo viên Mẫu giáo,Dạy các kỹ năng học tập và xã hội cho học sinh mẫu giáo.,Giáo viên
Giáo viên Tiểu học,Dạy các kỹ năng học thuật và xã hội cho học sinh ở cấp tiểu học.,Giáo viên
Giáo viên Trung học Cơ sở,"Dạy một hoặc nhiều môn cho học sinh ở cấp trung học cơ sở, trung học cơ sở.",Giáo viên
Giáo viên dạy nghề/kỹ thuật,"Dạy các môn nghề, nghề, nghề, kỹ thuật cho học sinh ở cấp trung học cơ sở, trung cấp, trung học cơ sở.",Giáo viên
Giáo viên Trung học,Dạy một hoặc nhiều môn học cho học sinh ở cấp trung học cơ sở.,Giáo viên
Giám đốc nghệ thuật,"Xây dựng các khái niệm thiết kế và phương pháp trình bày cho các sản phẩm trực quan và phương tiện truyền thông, chẳng hạn như in ấn, phát sóng, video và phim. Công nhân trực tiếp tham gia vào tác phẩm nghệ thuật hoặc thiết kế bố cục.","Nghệ sĩ, Nhà thiết kế"
"Nghệ sĩ mỹ thuật, bao gồm họa sĩ, nhà điêu khắc và họa sĩ minh họa",Tạo tác phẩm nghệ thuật gốc bằng cách sử dụng bất kỳ phương tiện và kỹ thuật nào.,"Nghệ sĩ, Nhà thiết kế"
Nghệ sĩ và họa sĩ hoạt hình hiệu ứng đặc biệt,"Tạo các hiệu ứng hoặc hoạt ảnh đặc biệt bằng cách sử dụng phim, video, máy tính hoặc các công cụ và phương tiện điện tử khác để sử dụng trong các sản phẩm như trò chơi máy tính, phim ảnh, video ca nhạc và quảng cáo.","Nghệ sĩ, Nhà phát triển game"
Nhà thiết kế thời trang,Thiết kế quần áo và phụ kiện. Tạo các thiết kế ban đầu hoặc điều chỉnh xu hướng thời trang.,"Nhà thiết kế, Nghệ sĩ"
Nhà thiết kế đồ họa,"Thiết kế hoặc tạo đồ họa để đáp ứng các nhu cầu thương mại hoặc quảng cáo cụ thể, chẳng hạn như bao bì, trưng bày hoặc biểu trưng. Có thể sử dụng nhiều phương tiện khác nhau để đạt được hiệu quả nghệ thuật hoặc trang trí.","Nhà thiết kế, Nghệ sĩ"
Nhà thiết kế nội thất,"Lập kế hoạch, thiết kế và trang bị không gian bên trong của các phòng hoặc tòa nhà. Thiết kế môi trường nội thất hoặc tạo ra các bố cục vật lý thực tế, thẩm mỹ và có lợi cho các mục đích đã định. Có thể chuyên về một lĩnh vực, phong cách hoặc giai đoạn cụ thể của thiết kế nội thất.","Nhà thiết kế, Kỹ sư xây dựng"
Nhà sản xuất và đạo diễn,"Sản xuất hoặc chỉ đạo các sản phẩm sân khấu, truyền hình, đài phát thanh, video hoặc phim để giải trí, thông tin hoặc hướng dẫn. Chịu trách nhiệm về các quyết định sáng tạo, chẳng hạn như diễn giải kịch bản, lựa chọn diễn viên hoặc khách mời, thiết kế bối cảnh, âm thanh, hiệu ứng đặc biệt và vũ đạo.",Nghệ sĩ
Giám đốc/Quản lý kỹ thuật truyền thông,"Điều phối các hoạt động của các bộ phận kỹ thuật, chẳng hạn như ghi âm, biên tập, kỹ thuật và bảo trì để sản xuất các chương trình phát thanh hoặc truyền hình.","Nghiên cứu mạng xã hội, Nghệ sĩ"
Giám đốc âm nhạc và nhà soạn nhạc,"Chỉ huy, chỉ đạo, lập kế hoạch và chỉ đạo các buổi biểu diễn nhạc cụ hoặc giọng hát của các nghệ sĩ hoặc nhóm âm nhạc, chẳng hạn như dàn nhạc, ban nhạc, dàn hợp xướng và câu lạc bộ vui chơi; hoặc tạo ra các tác phẩm âm nhạc nguyên bản.",Nghệ sĩ
Nhạc sĩ và ca sĩ,"Chơi một hoặc nhiều nhạc cụ hoặc hát. Có thể biểu diễn trên sân khấu, phát sóng hoặc ghi âm hoặc quay video.",Nghệ sĩ
"Nhà thơ, nhà viết lời và nhà văn sáng tạo","Tạo các tác phẩm viết gốc, chẳng hạn như kịch bản, tiểu luận, văn xuôi, thơ hoặc lời bài hát, để xuất bản hoặc biểu diễn.","Nhà văn, Nghệ sĩ"
Nhiếp ảnh gia,"Chụp ảnh người, phong cảnh, hàng hóa hoặc các chủ đề khác. Có thể sử dụng thiết bị chiếu sáng để nâng cao diện mạo của đối tượng. Có thể sử dụng phần mềm chỉnh sửa để tạo ra hình ảnh và bản in hoàn chỉnh. Bao gồm các nhiếp ảnh gia thương mại và công nghiệp, nhiếp ảnh gia khoa học và phóng viên ảnh.",Nghệ sĩ
Biên tập phim và video,"Chỉnh sửa hình ảnh chuyển động trên phim, video hoặc phương tiện khác. Có thể làm việc với nhà sản xuất hoặc đạo diễn để sắp xếp hình ảnh cho sản phẩm cuối cùng. Có thể chỉnh sửa hoặc đồng bộ hóa nhạc phim với hình ảnh.","Nghệ sĩ, Nghiên cứu mạng xã hội"
Bác sĩ chỉnh nha,"Chẩn đoán, điều trị, phục hồi chức năng, thiết kế và lắp các bộ phận giả nhằm duy trì chức năng răng miệng, sức khỏe và vẻ ngoài cho những bệnh nhân có tình trạng lâm sàng liên quan đến răng, mô miệng và hàm mặt hoặc hàm.",Bác sĩ
Nhà trị liệu bức xạ,"Cung cấp liệu pháp xạ trị cho bệnh nhân theo chỉ định của bác sĩ ung thư bức xạ theo các tiêu chuẩn và thông lệ đã được thiết lập. Nhiệm vụ có thể bao gồm xem xét đơn thuốc và chẩn đoán; đóng vai trò liên lạc với bác sĩ và nhân viên chăm sóc hỗ trợ; chuẩn bị thiết bị, chẳng hạn như thiết bị cố định, điều trị và bảo vệ; và duy trì hồ sơ, báo cáo và tập tin. Có thể hỗ trợ các thủ tục đo liều và xác định vị trí khối u.",Bác sĩ
Y tá gây mê,"Tiến hành gây mê, theo dõi các dấu hiệu sinh tồn của bệnh nhân và giám sát quá trình phục hồi của bệnh nhân sau khi gây mê. Có thể hỗ trợ bác sĩ gây mê, bác sĩ phẫu thuật, bác sĩ khác hoặc nha sĩ. Phải là y tá đã đăng ký có trình độ học vấn sau đại học chuyên ngành.",Bác sĩ
Y tá hộ sinh,"Chẩn đoán và điều phối tất cả các khía cạnh của quá trình sinh nở, một cách độc lập hoặc là một phần của nhóm chăm sóc sức khỏe. Có thể cung cấp dịch vụ chăm sóc phụ khoa tốt cho phụ nữ. Phải có trình độ chuyên môn, tốt nghiệp điều dưỡng.",Bác sĩ
Bác sĩ gây mê,"Dùng thuốc gây mê và giảm đau để kiểm soát cơn đau trước, trong hoặc sau khi phẫu thuật.",Bác sĩ
Bác sĩ da liễu,"Chẩn đoán và điều trị các bệnh liên quan đến da, tóc, móng. Có thể thực hiện cả chức năng phẫu thuật y tế và da liễu.",Bác sĩ
Bác sĩ cấp cứu,"Đưa ra quyết định y tế ngay lập tức và hành động để ngăn ngừa tử vong hoặc tàn tật thêm. Cung cấp sự nhận biết, đánh giá, chăm sóc, ổn định và xử trí ngay lập tức cho bệnh nhân. Có thể chỉ đạo nhân viên y tế cấp cứu tại khoa cấp cứu.",Bác sĩ
Bác sĩ Nội tổng quát,Chẩn đoán và cung cấp phương pháp điều trị không phẫu thuật cho nhiều loại bệnh và chấn thương của hệ thống cơ quan nội tạng. Cung cấp dịch vụ chăm sóc chủ yếu cho người lớn và thanh thiếu niên và chủ yếu dựa vào môi trường chăm sóc ngoại trú.,Bác sĩ
Bác sĩ sản khoa và phụ khoa,"Cung cấp dịch vụ chăm sóc y tế liên quan đến việc mang thai hoặc sinh nở. Chẩn đoán, điều trị và giúp phòng ngừa các bệnh lý cho phụ nữ, đặc biệt là các bệnh ảnh hưởng đến hệ sinh sản. Cũng có thể cung cấp dịch vụ chăm sóc chung cho phụ nữ. Có thể thực hiện cả chức năng phẫu thuật y tế và phụ khoa.",Bác sĩ
Bác sĩ Y học Vật lý và Phục hồi chức năng,"Chẩn đoán và điều trị các rối loạn cần vật lý trị liệu để phục hồi thể chất, tinh thần và nghề nghiệp.",Bác sĩ
Bác sĩ chỉnh hình và chân tay giả,"Thiết kế, đo lường, lắp và điều chỉnh các nẹp chỉnh hình, thiết bị hoặc bộ phận giả, chẳng hạn như tay chân hoặc các bộ phận trên khuôn mặt cho bệnh nhân có tình trạng khuyết tật.",Bác sĩ
Cố vấn di truyền,"Đánh giá nguy cơ cá nhân hoặc gia đình đối với nhiều tình trạng di truyền khác nhau, chẳng hạn như rối loạn di truyền và dị tật bẩm sinh. Cung cấp thông tin cho các nhà cung cấp dịch vụ chăm sóc sức khỏe khác hoặc cho các cá nhân và gia đình có liên quan đến nguy cơ mắc các bệnh di truyền. Khuyên các cá nhân và gia đình hỗ trợ các phương pháp đưa ra quyết định và đối phó sáng suốt cho những người có nguy cơ. Có thể giúp tiến hành nghiên cứu liên quan đến tình trạng di truyền hoặc tư vấn di truyền.","Bác sĩ, Nhà khoa học"
lính cứu hỏa,"Kiểm soát và dập tắt đám cháy hoặc ứng phó với các tình huống khẩn cấp khi tính mạng, tài sản hoặc môi trường gặp nguy hiểm. Nhiệm vụ có thể bao gồm phòng chống cháy nổ, dịch vụ y tế khẩn cấp, ứng phó với vật liệu nguy hiểm, tìm kiếm cứu nạn và hỗ trợ thảm họa.",Viên chức nhà nước
Cảnh sát và nhân viên tuần tra của cảnh sát trưởng,"Duy trì trật tự và bảo vệ tính mạng và tài sản bằng cách thực thi các luật và pháp lệnh của địa phương, bộ lạc, tiểu bang hoặc liên bang. Thực hiện kết hợp các nhiệm vụ sau: tuần tra một khu vực cụ thể; giao thông trực tiếp; ban hành lệnh triệu tập giao thông; điều tra tai nạn; bắt giữ nghi phạm hoặc phục vụ các thủ tục pháp lý của tòa án. Bao gồm các sĩ quan cảnh sát làm việc tại các cơ sở giáo dục.",Viên chức nhà nước
Cảnh sát giao thông và đường sắt,"Bảo vệ và kiểm soát tài sản đường sắt và vận chuyển, nhân viên hoặc hành khách.",Viên chức nhà nước
Hướng dẫn du lịch,"Lập kế hoạch, tổ chức và thực hiện các chuyến du lịch đường dài, các chuyến tham quan và thám hiểm cho các cá nhân và nhóm.","Nghệ sĩ, Nghiên cứu mạng xã hội"
Đại lý bán bảo hiểm,"Bán bảo hiểm nhân thọ, tài sản, tai nạn, sức khỏe, ô tô hoặc các loại bảo hiểm khác. Có thể giới thiệu khách hàng đến các nhà môi giới độc lập, làm việc như một nhà môi giới độc lập hoặc được một công ty bảo hiểm tuyển dụng.","Nhân viên ngân hàng, Nhà đầu tư chứng khoán"
Môi giới bất động sản,"Điều hành văn phòng bất động sản hoặc làm việc cho công ty bất động sản thương mại, giám sát các giao dịch bất động sản. Các nhiệm vụ khác thường bao gồm bán bất động sản hoặc cho thuê tài sản và thu xếp các khoản vay.",Nhà phát triển bất động sản
Đại lý bán bất động sản,"Cho thuê, mua hoặc bán tài sản cho khách hàng. Thực hiện các nhiệm vụ như nghiên cứu danh sách bất động sản, phỏng vấn khách hàng tiềm năng, đi cùng khách hàng đến địa điểm bất động sản, thảo luận về các điều kiện bán hàng và soạn thảo hợp đồng bất động sản. Bao gồm các đại lý đại diện cho người mua.",Nhà phát triển bất động sản
Phi công thương mại,"Lái và điều hướng chuyến bay của máy bay cánh cố định trên các tuyến đường hàng không hoặc trực thăng không theo lịch trình. Yêu cầu chứng chỉ phi công thương mại. Bao gồm các phi công thuê chuyến có chứng nhận tương tự, và các phi công cứu thương trên không và du lịch trên không. Không bao gồm các phi công của hãng hàng không khu vực, quốc gia và quốc tế.",Viên chức nhà nước
"Thuyền trưởng, thuyền phó và hoa tiêu của tàu nước","Chỉ huy hoặc giám sát hoạt động của tàu thủy và tàu thủy như tàu kéo, phà. Bắt buộc phải có giấy phép do Cảnh sát biển Hoa Kỳ cấp.",Viên chức nhà nước
